place_id,name,lat,lng,type,rating,review_count,price_level,is_operational,source,competitors_within_500m,competitors_within_200m,competitors_min_distance,competitors_avg_distance,roads_within_500m,roads_avg_distance,schools_within_500m,schools_within_200m,schools_min_distance,hospitals_within_500m,hospitals_min_distance,bus_stops_within_500m,bus_stops_min_distance,population_density_proxy,accessibility_score,foot_traffic_score,competition_pressure,suitability
osm_5841071390,Unknown Cafe,27.7076603,85.3189448,cafe,,,,True,openstreetmap,28.0,2.0,0.0,349.72,18.0,355.56,19.0,1.0,34.66,8.0,140.57,4.0,291.52,114.59,2.62,10.0,10.0,High
osm_4756445222,Unknown Cafe,27.7320573,85.3436325,cafe,,,,True,openstreetmap,4.0,1.0,0.0,328.25,9.0,286.26,2.0,0.0,370.7,0.0,500.0,2.0,64.44,12.73,3.88,3.7,3.05,High
osm_3074604293,Bridge Side Cafe,27.7081611,85.3376065,cafe,,,,True,openstreetmap,10.0,5.0,0.0,211.89,23.0,356.57,21.0,1.0,64.0,2.0,233.49,0.0,500.0,66.21,1.72,10.0,6.87,High
osm_4723545207,Unknown Cafe,27.6747667,85.3227411,cafe,,,,True,openstreetmap,,,,,,,,,,,,,,,,,,
osm_3069572516,गौतम बेकरी,27.7070868,85.3230587,cafe,,,,True,openstreetmap,22.0,12.0,0.0,193.72,9.0,315.64,19.0,2.0,46.23,7.0,155.54,2.0,45.12,100.59,3.37,10.0,10.0,High
osm_5992292026,Avocado Cafe,27.7228664,85.3311397,cafe,,,,True,openstreetmap,15.0,6.0,0.0,255.68,10.0,240.83,12.0,2.0,94.89,2.0,20.55,2.0,143.84,50.93,4.88,8.5,10.0,High
osm_5331658970,Nepabeanz,27.6870772,85.3115872,cafe,,,,True,openstreetmap,,,,,,,,,,,,,,,,,,
osm_6562217255,Your Koseli,27.7179861,85.3248612,cafe,,,,True,openstreetmap,15.0,5.0,0.0,274.0,4.0,380.61,9.0,3.0,148.33,2.0,270.18,0.0,500.0,35.65,0.57,7.0,10.0,High
osm_2684770259,Manavog Cafe,27.6719459,85.3121674,cafe,,,,True,openstreetmap,,,,,,,,,,,,,,,,,,
osm_6389906885,छाउनी क्याफे,27.7079628,85.2966682,cafe,,,,True,openstreetmap,2.0,2.0,0.0,91.07,0.0,500.0,14.0,0.0,222.58,0.0,500.0,0.0,500.0,35.65,0.0,4.2,1.77,High
osm_4785806421,Unknown Cafe,27.7056692,85.3257513,cafe,,,,True,openstreetmap,24.0,2.0,0.0,318.4,8.0,444.97,24.0,4.0,41.02,6.0,66.1,2.0,340.23,106.95,1.01,10.0,10.0,High
osm_3038281087,Royal Food Cafe,27.6641281,85.3153017,cafe,,,,True,openstreetmap,,,,,,,,,,,,,,,,,,
osm_4553535333,Unknown Cafe,27.6889259,85.3089849,cafe,,,,True,openstreetmap,,,,,,,,,,,,,,,,,,
osm_2166593496,Magic Beans,27.7105055,85.3177578,cafe,,,,True,openstreetmap,28.0,8.0,0.0,270.51,29.0,272.85,13.0,1.0,115.68,3.0,302.08,3.0,176.26,63.66,4.39,8.0,10.0,High
osm_1815689369,Transit Cafe,27.6737995,85.3119374,cafe,,,,True,openstreetmap,,,,,,,,,,,,,,,,,,
osm_4264062071,Norlahi Momo,27.7257983,85.3501285,cafe,,,,True,openstreetmap,8.0,4.0,0.0,230.81,4.0,430.87,10.0,2.0,120.71,0.0,500.0,0.0,500.0,25.46,0.33,5.0,5.59,High
osm_6175883885,Unknown Cafe,27.728377,85.3516377,cafe,,,,True,openstreetmap,,,,,,,,,,,,,,,,,,
osm_5177374622,Unknown Cafe,27.7058742,85.322789,cafe,,,,True,openstreetmap,24.0,10.0,0.0,261.06,6.0,386.21,26.0,5.0,44.93,10.0,23.83,1.0,122.53,133.69,1.83,10.0,10.0,High
osm_7052554985,Unknown Cafe,27.721969,85.3618774,cafe,,,,True,openstreetmap,38.0,18.0,0.0,216.37,6.0,377.53,8.0,0.0,252.68,4.0,169.84,2.0,217.83,53.48,1.76,6.1,10.0,High
osm_2684757427,momomiya darjeeling restaurant,27.6687439,85.3097523,cafe,,,,True,openstreetmap,,,,,,,,,,,,,,,,,,
osm_6516415585,Freddo Cafe,27.7129274,85.3087436,cafe,,,,True,openstreetmap,92.0,13.0,0.0,297.96,3.0,296.97,27.0,3.0,66.04,2.0,50.89,1.0,325.51,85.31,1.2,10.0,10.0,High
osm_2297964894,Unknown Cafe,27.719572,85.3204067,cafe,,,,True,openstreetmap,16.0,6.0,0.0,246.77,2.0,275.58,7.0,2.0,182.49,1.0,260.48,2.0,219.7,31.83,1.74,6.6,10.0,High
osm_3366665677,Corner Cafe,27.71504,85.3298055,cafe,,,,True,openstreetmap,19.0,2.0,0.0,365.12,16.0,282.25,12.0,1.0,172.4,3.0,312.34,1.0,216.16,53.48,3.37,7.1,10.0,High
osm_4658967594,Unknown Cafe,27.6916172,85.285672,cafe,,,,True,openstreetmap,5.0,1.0,0.0,315.05,15.0,355.33,9.0,3.0,46.62,3.0,306.51,2.0,287.9,49.66,2.75,6.5,3.68,High
osm_5899267496,धन दाइको खाजा घर,27.6625724,85.3193382,cafe,,,,True,openstreetmap,,,,,,,,,,,,,,,,,,
osm_4525794489,फ्रेश बिन्ज,27.6875922,85.3408528,cafe,,,,True,openstreetmap,11.0,2.0,0.0,349.52,30.0,305.95,14.0,2.0,53.19,3.0,221.43,0.0,500.0,54.75,2.33,8.9,7.5,High
osm_8697027801,बोन एपेटिट क्याफे र रेस्टुरेन्ट,27.7149364,85.3104391,cafe,,,,True,openstreetmap,104.0,48.0,0.0,231.55,8.0,410.57,16.0,0.0,235.87,5.0,239.4,4.0,442.11,87.85,1.17,9.5,10.0,High
osm_2001058350,Coffee Time,27.7239892,85.3311792,cafe,,,,True,openstreetmap,14.0,6.0,0.0,252.57,8.0,177.09,17.0,3.0,69.67,2.0,143.71,2.0,19.6,63.66,5.52,10.0,9.41,High
osm_2027854015,MoM'S KITCHEN,27.6914823,85.3329545,cafe,,,,True,openstreetmap,19.0,2.0,0.0,320.49,37.0,409.87,19.0,4.0,63.0,7.0,262.22,3.0,321.92,104.41,2.28,10.0,10.0,High
osm_1904346816,The Side Walk Cafe,27.6736793,85.3244212,cafe,,,,True,openstreetmap,,,,,,,,,,,,,,,,,,
osm_5121130135,Unknown Cafe,27.7174416,85.3261294,cafe,,,,True,openstreetmap,17.0,8.0,0.0,251.61,9.0,375.17,10.0,1.0,78.71,3.0,218.26,1.0,421.43,48.38,1.56,8.0,10.0,High
osm_4308987489,द लन्च बक्स,27.6861575,85.315713,cafe,,,,True,openstreetmap,,,,,,,,,,,,,,,,,,
osm_1497531274,The bakery cafe,27.6727379,85.3139678,cafe,,,,True,openstreetmap,,,,,,,,,,,,,,,,,,
osm_8696390272,राइज एण्ड ग्राइन्ड अर्गानिक कफी शप,27.7114934,85.308897,cafe,,,,True,openstreetmap,83.0,9.0,0.0,334.14,6.0,409.25,34.0,7.0,99.99,2.0,84.3,1.0,377.75,103.13,0.98,10.0,10.0,High
osm_6547035991,मिठाई पसल,27.7199022,85.3007539,cafe,,,,True,openstreetmap,2.0,1.0,0.0,112.0,0.0,500.0,12.0,1.0,106.12,0.0,500.0,0.0,500.0,30.56,0.0,5.6,1.77,High
osm_2990731066,New Chatterbox Cafe,27.7246276,85.3645888,cafe,,,,True,openstreetmap,30.0,7.0,0.0,288.64,6.0,197.89,15.0,3.0,139.78,2.0,430.64,2.0,222.76,58.57,2.99,7.9,10.0,High
osm_7247557686,Unknown Cafe,27.7208866,85.3205881,cafe,,,,True,openstreetmap,15.0,6.0,0.0,244.01,2.0,365.02,10.0,1.0,138.41,1.0,275.1,2.0,297.86,39.47,1.04,7.5,10.0,High
osm_4454912989,Unknown Cafe,27.7199706,85.3175898,cafe,,,,True,openstreetmap,16.0,5.0,0.0,250.55,3.0,233.51,6.0,1.0,182.45,1.0,44.06,3.0,102.18,33.1,3.09,6.6,10.0,High
osm_6002015505,Unknown Cafe,27.7152295,85.3085327,cafe,,,,True,openstreetmap,94.0,15.0,0.0,313.13,12.0,381.89,20.0,1.0,73.77,5.0,250.46,7.0,340.82,109.5,2.23,10.0,10.0,High
osm_6046032271,Green Cafe,27.696748,85.3509388,cafe,,,,True,openstreetmap,1.0,1.0,0.0,0.0,8.0,380.84,12.0,1.0,122.17,3.0,198.04,2.0,63.1,57.3,2.98,10.0,1.14,High
osm_8296199093,Ajju Cafe,27.7082024,85.3382137,cafe,,,,True,openstreetmap,11.0,7.0,0.0,216.08,26.0,355.16,20.0,2.0,65.1,2.0,293.42,0.0,500.0,63.66,1.74,10.0,7.5,High
osm_3599851625,सन क्याफे एण्ड बार,27.6785309,85.3102327,cafe,,,,True,openstreetmap,,,,,,,,,,,,,,,,,,
osm_2090735354,BNR Coffee Shop and Cold Store,27.7165157,85.3330091,cafe,,,,True,openstreetmap,13.0,2.0,0.0,323.5,8.0,344.63,21.0,3.0,59.96,2.0,161.35,1.0,263.65,70.03,2.12,10.0,8.78,High
osm_6295152085,Unknown Cafe,27.7059588,85.3094289,cafe,,,,True,openstreetmap,28.0,2.0,0.0,326.9,12.0,318.7,24.0,2.0,178.73,5.0,149.56,0.0,500.0,92.95,2.18,10.0,10.0,High
osm_7195134285,Unknown Cafe,27.7195553,85.3029955,cafe,,,,True,openstreetmap,3.0,1.0,0.0,210.26,5.0,379.18,15.0,2.0,137.54,0.0,500.0,3.0,341.6,49.66,1.67,7.4,2.41,High
osm_6286201186,Unknown Cafe,27.6887044,85.3949046,cafe,,,,True,openstreetmap,,,,,,,,,,,,,,,,,,
osm_3092671527,Besmullah,27.7174396,85.3122819,cafe,,,,True,openstreetmap,81.0,10.0,0.0,335.06,7.0,306.22,12.0,4.0,84.23,3.0,116.29,5.0,196.92,68.75,3.08,9.8,10.0,High
osm_8696390254,Cafe Cacao,27.7174604,85.311815,cafe,,,,True,openstreetmap,81.0,13.0,0.0,328.03,8.0,314.01,13.0,4.0,46.63,3.0,75.55,6.0,205.43,75.12,3.1,10.0,10.0,High
osm_1096317916,Korean Taste Restaurant,27.6743179,85.3182364,cafe,,,,True,openstreetmap,,,,,,,,,,,,,,,,,,
osm_2028654097,Unknown Cafe,27.6997967,85.3442166,cafe,,,,True,openstreetmap,4.0,2.0,0.0,241.17,1.0,184.19,24.0,3.0,37.62,2.0,424.74,1.0,184.19,77.67,1.22,10.0,3.05,High
osm_2077238426,Oasis Cafe,27.7396353,85.3269549,cafe,,,,True,openstreetmap,,,,,,,,,,,,,,,,,,
osm_1891985126,The Bakery Cafe,27.7190407,85.331261,cafe,,,,True,openstreetmap,18.0,5.0,0.0,291.42,9.0,290.47,16.0,0.0,217.33,3.0,159.14,1.0,251.74,63.66,2.92,7.8,10.0,High
osm_5891993985,Unknown Cafe,27.6572062,85.3216051,cafe,,,,True,openstreetmap,,,,,,,,,,,,,,,,,,
osm_2684818080,Common Cafe Sekuwa Corner,27.6671784,85.3163129,cafe,,,,True,openstreetmap,,,,,,,,,,,,,,,,,,
osm_5554156823,हिमालु भान्सा,27.7152741,85.3121477,cafe,,,,True,openstreetmap,97.0,45.0,0.0,234.89,10.0,367.36,13.0,1.0,82.03,4.0,286.43,3.0,355.09,70.03,2.23,9.9,10.0,High
osm_1905155386,भिडा क्याफे एण्ड ग्रिल,27.7385183,85.3392568,cafe,,,,True,openstreetmap,12.0,3.0,0.0,319.08,7.0,297.21,10.0,0.0,230.14,3.0,244.28,2.0,256.76,52.2,2.36,6.3,8.14,High
osm_4542809792,Unknown Cafe,27.7249512,85.3530592,cafe,,,,True,openstreetmap,8.0,1.0,0.0,313.3,6.0,389.26,18.0,4.0,146.86,1.0,456.0,4.0,306.66,67.48,1.85,9.0,5.59,High
osm_8173061217,Unknown Cafe,27.6837535,85.3857514,cafe,,,,True,openstreetmap,,,,,,,,,,,,,,,,,,
osm_1927600087,हार्ड सन क्याफे,27.6756626,85.3393721,cafe,,,,True,openstreetmap,11.0,2.0,0.0,313.91,8.0,379.86,10.0,2.0,137.0,1.0,213.45,3.0,296.42,43.29,2.37,7.8,7.5,High
osm_2584735236,AITM Tea Shop,27.6569487,85.3329305,cafe,,,,True,openstreetmap,,,,,,,,,,,,,,,,,,
osm_5889646685,Unknown Cafe,27.6570123,85.3183923,cafe,,,,True,openstreetmap,,,,,,,,,,,,,,,,,,
osm_5276596723,Unknown Cafe,27.7384416,85.3351587,cafe,,,,True,openstreetmap,11.0,7.0,0.0,193.07,11.0,297.97,9.0,2.0,185.06,7.0,183.55,2.0,265.3,75.12,3.08,9.6,7.5,High
osm_5441928822,Numa's Cafe,27.6855317,85.3071544,cafe,,,,True,openstreetmap,,,,,,,,,,,,,,,,,,
osm_2006144707,Bhatbhateni Cafe,27.7200213,85.330637,cafe,,,,True,openstreetmap,20.0,5.0,0.0,310.01,12.0,324.96,17.0,1.0,144.43,3.0,249.33,2.0,346.0,70.03,2.61,10.0,10.0,High
osm_6491265588,Unknown Cafe,27.7170094,85.3101934,cafe,,,,True,openstreetmap,83.0,9.0,0.0,307.33,11.0,318.62,14.0,3.0,128.49,4.0,114.68,7.0,212.03,87.85,3.56,10.0,10.0,High
osm_2090626818,Falcha cafe,27.717935,85.3307553,cafe,,,,True,openstreetmap,17.0,4.0,0.0,273.4,9.0,261.58,15.0,0.0,233.0,2.0,31.13,1.0,119.21,54.75,3.59,7.1,10.0,High
osm_3508175157,Hot Pot,27.7092396,85.3103229,cafe,,,,True,openstreetmap,47.0,7.0,0.0,346.55,10.0,337.94,33.0,8.0,88.8,3.0,291.78,1.0,427.28,106.95,2.14,10.0,10.0,High
osm_4622809990,Unknown Cafe,27.7039759,85.3268385,cafe,,,,True,openstreetmap,13.0,1.0,0.0,360.45,2.0,358.28,24.0,5.0,108.16,6.0,252.03,1.0,497.06,103.13,0.35,10.0,8.78,High
osm_1350468459,Museum Cafe,27.6733205,85.325561,cafe,,,,True,openstreetmap,,,,,,,,,,,,,,,,,,
osm_2039623011,Green Cafe,27.6753443,85.3447602,cafe,,,,True,openstreetmap,16.0,4.0,0.0,260.06,15.0,294.25,17.0,4.0,77.79,3.0,14.06,3.0,220.92,73.85,4.07,10.0,10.0,High
osm_7632617385,AB Coffee Point,27.7249649,85.341577,cafe,,,,True,openstreetmap,10.0,5.0,0.0,241.7,5.0,455.13,7.0,1.0,134.91,1.0,411.26,0.0,500.0,24.19,0.27,4.5,6.87,High
osm_8696860184,थमेल भिल्ला होटल र जात्रा क्याफे एण्ड बार,27.7138007,85.3102607,cafe,,,,True,openstreetmap,105.0,45.0,0.0,233.87,4.0,382.0,22.0,2.0,157.25,4.0,129.83,1.0,483.89,85.31,0.61,10.0,10.0,High
osm_4829882721,Crave,27.6797926,85.3191098,cafe,,,,True,openstreetmap,,,,,,,,,,,,,,,,,,
osm_4601419793,Unknown Cafe,27.7172304,85.3156491,cafe,,,,True,openstreetmap,37.0,2.0,0.0,363.48,12.0,366.36,6.0,1.0,155.09,3.0,403.25,4.0,57.5,49.66,3.65,8.7,10.0,High
osm_2978585626,Khawa Karpo Tasty Noodle Factory,27.7248538,85.3644964,cafe,,,,True,openstreetmap,29.0,6.0,0.0,290.18,6.0,189.02,15.0,4.0,115.25,2.0,456.36,2.0,199.73,58.57,3.13,7.9,10.0,High
osm_6532107785,भक्तपुरको स्पेशल दहि पसल,27.7293256,85.3307809,cafe,,,,True,openstreetmap,15.0,4.0,0.0,267.37,0.0,500.0,15.0,3.0,151.58,3.0,248.61,0.0,500.0,57.3,0.0,9.2,10.0,High
osm_2084372327,Sarita Bakery & Cafe,27.7216891,85.3355606,cafe,,,,True,openstreetmap,13.0,2.0,0.0,325.42,1.0,472.42,16.0,1.0,99.7,2.0,458.66,0.0,500.0,53.48,0.03,7.6,8.78,High
osm_4787717656,Unknown Cafe,27.6700363,85.3189878,cafe,,,,True,openstreetmap,,,,,,,,,,,,,,,,,,
osm_3074563855,RK Cafe,27.7081079,85.3396627,cafe,,,,True,openstreetmap,10.0,7.0,0.0,152.42,28.0,357.29,19.0,1.0,189.62,1.0,434.99,0.0,500.0,54.75,1.71,8.1,6.87,High
osm_2638075950,Lila Cold Store,27.6715423,85.2764525,cafe,,,,True,openstreetmap,,,,,,,,,,,,,,,,,,
osm_3164871676,Coffee Club,27.703579,85.3083427,cafe,,,,True,openstreetmap,26.0,14.0,0.0,202.04,8.0,363.49,20.0,3.0,100.51,4.0,152.82,0.0,500.0,76.39,1.31,10.0,10.0,High
osm_432195183,Hermann Helmers Bakery,27.6783303,85.312612,cafe,,,,True,openstreetmap,,,,,,,,,,,,,,,,,,
osm_3296145676,Bekharam's Cafe and Ice-cream,27.6733179,85.2760882,cafe,,,,True,openstreetmap,,,,,,,,,,,,,,,,,,
osm_6398570286,कोटेश्वर पार्टी दरबार,27.6712163,85.3503315,cafe,,,,True,openstreetmap,8.0,3.0,0.0,268.59,4.0,437.4,10.0,3.0,80.8,2.0,274.28,2.0,476.39,45.84,0.39,7.9,5.59,High
osm_675712062,Manna Cafe,27.678298,85.3122961,cafe,,,,True,openstreetmap,,,,,,,,,,,,,,,,,,
osm_8663737917,Unknown Cafe,27.7058388,85.312433,cafe,,,,True,openstreetmap,18.0,3.0,0.0,348.08,13.0,307.14,17.0,2.0,31.42,4.0,106.56,3.0,217.45,80.21,3.86,10.0,10.0,High
osm_1917103306,3D Cafe and Bar,27.7388507,85.3356908,cafe,,,,True,openstreetmap,11.0,6.0,0.0,189.48,12.0,303.86,11.0,3.0,125.27,6.0,149.17,2.0,195.95,73.85,3.22,9.8,7.5,High
osm_4832255422,Himalayan Java Coffee,27.6771935,85.3169467,cafe,,,,True,openstreetmap,,,,,,,,,,,,,,,,,,
osm_6127734788,याला क्याफे,27.7122476,85.3115866,cafe,,,,True,openstreetmap,102.0,32.0,0.0,267.06,8.0,421.22,23.0,3.0,166.82,3.0,194.18,1.0,490.45,81.49,0.78,10.0,10.0,High
osm_4723545211,Unknown Cafe,27.6747448,85.3232558,cafe,,,,True,openstreetmap,,,,,,,,,,,,,,,,,,
osm_4052345826,Coffee Time,27.7073887,85.3274038,cafe,,,,True,openstreetmap,22.0,2.0,0.0,352.36,10.0,346.66,18.0,1.0,124.53,5.0,284.95,3.0,317.09,89.13,2.63,10.0,10.0,High
osm_5171143921,Palpasa Coffee,27.7119914,85.3096679,cafe,,,,True,openstreetmap,94.0,19.0,0.0,295.02,3.0,386.42,31.0,5.0,53.23,2.0,21.19,1.0,430.26,95.49,0.59,10.0,10.0,High
osm_3307465007,Chat Pate Pasal,27.676753,85.2787785,cafe,,,,True,openstreetmap,,,,,,,,,,,,,,,,,,
osm_2079502752,Green Belt Momo centre,27.7423306,85.3332257,cafe,,,,True,openstreetmap,,,,,,,,,,,,,,,,,,
osm_7281739804,रोम क्याफे,27.6779786,85.3469937,cafe,,,,True,openstreetmap,14.0,5.0,0.0,272.78,28.0,227.24,19.0,5.0,96.13,2.0,36.21,4.0,162.09,76.39,4.76,10.0,9.41,High
osm_4716645091,Unknown Cafe,27.749123,85.2953315,cafe,,,,True,openstreetmap,,,,,,,,,,,,,,,,,,
osm_3626551798,Coffee Shop,27.7219218,85.3624147,cafe,,,,True,openstreetmap,39.0,22.0,0.0,219.57,6.0,371.93,9.0,0.0,241.95,4.0,163.39,2.0,252.53,56.02,1.71,6.4,10.0,High
osm_4264065757,Belle Ville,27.7223639,85.3312054,cafe,,,,True,openstreetmap,16.0,5.0,0.0,272.58,10.0,256.09,13.0,3.0,40.11,2.0,40.86,2.0,199.86,53.48,4.39,8.8,10.0,High
osm_2858843075,S Cafe and Coffee Shop,27.6866445,85.3094098,cafe,,,,True,openstreetmap,,,,,,,,,,,,,,,,,,
osm_3155930667,Pappu Paratha Pasal,27.692768,85.2787744,cafe,,,,True,openstreetmap,,,,,,,,,,,,,,,,,,
osm_4989351032,Unknown Cafe,27.6800302,85.386043,cafe,,,,True,openstreetmap,,,,,,,,,,,,,,,,,,
osm_8187610031,उग्रचण्डी क्याफे,27.6717146,85.3509083,cafe,,,,True,openstreetmap,9.0,2.0,0.0,312.08,11.0,435.18,10.0,4.0,52.71,3.0,217.21,4.0,415.71,59.84,1.19,8.9,6.23,High
osm_5367652206,Amigo cafe,27.6886613,85.3353971,cafe,,,,True,openstreetmap,20.0,6.0,0.0,273.21,42.0,216.65,17.0,5.0,135.76,6.0,124.07,3.0,65.04,92.95,5.73,10.0,10.0,High
osm_1937673105,ItalCaffe,27.669854,85.3163179,cafe,,,,True,openstreetmap,,,,,,,,,,,,,,,,,,
osm_4543411390,नेपको क्याफे र रेस्टुरेन्ट,27.712994,85.2898134,cafe,,,,True,openstreetmap,6.0,4.0,0.0,202.16,15.0,371.96,9.0,3.0,136.67,2.0,227.85,1.0,6.99,39.47,2.85,9.8,4.32,High
osm_4873219223,चाकु बाकु क्याफे,27.6898499,85.3353921,cafe,,,,True,openstreetmap,18.0,8.0,0.0,250.56,47.0,258.56,19.0,1.0,70.97,7.0,170.77,3.0,37.02,104.41,5.57,10.0,10.0,High
osm_1937710492,A Cafe and Lounge,27.6750154,85.3023732,cafe,,,,True,openstreetmap,,,,,,,,,,,,,,,,,,
osm_1849461233,Chiya Pasal,27.6781561,85.3214047,cafe,,,,True,openstreetmap,,,,,,,,,,,,,,,,,,
osm_1898414114,Old House Cafe,27.7138792,85.3249137,cafe,,,,True,openstreetmap,16.0,2.0,0.0,343.52,18.0,378.85,4.0,1.0,46.93,2.0,192.93,1.0,447.97,26.74,1.59,5.8,10.0,High
osm_2164025605,College Cafe,27.6892373,85.3121829,cafe,,,,True,openstreetmap,,,,,,,,,,,,,,,,,,
osm_1858151606,Jhapali Chiya Pasal,27.6787655,85.3212468,cafe,,,,True,openstreetmap,,,,,,,,,,,,,,,,,,
osm_6536357485,मेन्जसँग कफी,27.7155088,85.3091966,cafe,,,,True,openstreetmap,96.0,26.0,0.0,285.98,12.0,383.78,17.0,1.0,144.64,5.0,271.77,7.0,351.0,101.86,2.16,10.0,10.0,High
osm_5917453286,Fudo Cafe,27.7295623,85.3308368,cafe,,,,True,openstreetmap,15.0,6.0,0.0,269.42,0.0,500.0,14.0,4.0,130.41,3.0,225.66,0.0,500.0,54.75,0.0,8.9,10.0,High
osm_4730045290,Unknown Cafe,27.7366443,85.324754,cafe,,,,True,openstreetmap,5.0,3.0,0.0,158.36,4.0,239.89,3.0,0.0,331.21,5.0,115.09,1.0,367.82,43.29,1.6,4.7,3.68,High
osm_6762952886,Unknown Cafe,27.7365684,85.3484976,cafe,,,,True,openstreetmap,,,,,,,,,,,,,,,,,,
osm_2174589424,Lumbini Cafe,27.6948877,85.3405908,cafe,,,,True,openstreetmap,10.0,2.0,0.0,321.11,12.0,381.94,28.0,3.0,147.62,5.0,290.79,0.0,500.0,103.13,1.42,10.0,6.87,High
osm_6822853485,Unknown Cafe,27.7137079,85.3246322,cafe,,,,True,openstreetmap,15.0,2.0,0.0,343.81,17.0,375.32,4.0,1.0,71.55,2.0,218.07,1.0,437.66,26.74,1.66,5.8,10.0,High
osm_3508175183,Shreega Cafe,27.7096798,85.3100636,cafe,,,,True,openstreetmap,58.0,7.0,0.0,356.73,10.0,368.45,35.0,10.0,56.87,4.0,238.89,1.0,461.01,118.41,1.68,10.0,10.0,High
osm_4248374398,राजन हाउस,27.6745667,85.3458842,cafe,,,,True,openstreetmap,16.0,4.0,0.0,285.14,15.0,325.39,17.0,2.0,63.22,4.0,139.34,3.0,232.75,80.21,3.38,10.0,10.0,High
osm_6630330884,Supa Deurali Khaja Ghar,27.6886292,85.3441701,cafe,,,,True,openstreetmap,15.0,2.0,0.0,337.85,25.0,340.9,16.0,4.0,118.31,2.0,322.78,1.0,429.58,57.3,2.1,7.9,10.0,High
osm_5412418168,Charlotte Cafe,27.6703332,85.3201528,cafe,,,,True,openstreetmap,,,,,,,,,,,,,,,,,,
osm_2785785596,Julie's Bakery Cafe,27.7179184,85.3168442,cafe,,,,True,openstreetmap,26.0,4.0,0.0,363.72,8.0,357.5,6.0,1.0,193.83,1.0,280.84,4.0,64.51,36.92,3.56,9.4,10.0,High
osm_4456060691,Chamena Griha,27.6951667,85.3238823,cafe,,,,True,openstreetmap,3.0,1.0,0.0,302.77,19.0,384.71,1.0,0.0,463.16,2.0,229.59,1.0,465.82,19.1,1.47,2.9,2.41,High
osm_5255676225,लामी कफी,27.7142304,85.2946546,cafe,,,,True,openstreetmap,3.0,1.0,0.0,330.93,15.0,220.64,6.0,1.0,180.92,2.0,451.7,0.0,500.0,28.01,3.35,4.6,2.41,High
osm_4691672790,Unknown Cafe,27.7182397,85.3102307,cafe,,,,True,openstreetmap,57.0,8.0,0.0,345.37,11.0,278.24,16.0,4.0,12.2,3.0,105.19,7.0,91.37,86.58,4.5,10.0,10.0,High
osm_4774250522,हिमालय जाभा कफी,27.7150517,85.3108944,cafe,,,,True,openstreetmap,103.0,47.0,0.0,225.39,13.0,434.19,15.0,1.0,190.4,5.0,274.65,5.0,440.34,89.13,1.05,10.0,10.0,High
osm_6309935086,Unknown Cafe,27.6907642,85.3342747,cafe,,,,True,openstreetmap,19.0,7.0,0.0,265.3,43.0,317.9,23.0,3.0,79.15,7.0,220.67,3.0,169.37,114.59,4.32,10.0,10.0,High
osm_5174102521,Unknown Cafe,27.6900618,85.3676639,cafe,,,,True,openstreetmap,4.0,2.0,0.0,178.06,3.0,137.61,8.0,0.0,216.19,0.0,500.0,0.0,500.0,20.37,1.3,2.4,3.05,High
osm_4971818621,Unknown Cafe,27.670972,85.3193643,cafe,,,,True,openstreetmap,,,,,,,,,,,,,,,,,,
osm_4789454722,Unknown Cafe,27.711818,85.3651931,cafe,,,,True,openstreetmap,1.0,1.0,0.0,0.0,1.0,18.0,4.0,0.0,215.08,0.0,500.0,1.0,18.0,14.01,1.86,4.0,1.14,High
osm_4787367224,Unknown Cafe,27.7325648,85.3442326,cafe,,,,True,openstreetmap,,,,,,,,,,,,,,,,,,
osm_4754439622,Unknown Cafe,27.6782188,85.3156226,cafe,,,,True,openstreetmap,,,,,,,,,,,,,,,,,,
osm_5388494522,Unknown Cafe,27.6755912,85.3853638,cafe,,,,True,openstreetmap,,,,,,,,,,,,,,,,,,
osm_2702359050,Kathmandu Coffee,27.6538132,85.3044253,cafe,,,,True,openstreetmap,,,,,,,,,,,,,,,,,,
osm_5234480621,Evoke Cafe & Bistro,27.6760993,85.3107239,cafe,,,,True,openstreetmap,,,,,,,,,,,,,,,,,,
osm_5390469021,Bonanza cafe & fast food,27.6736056,85.3428304,cafe,,,,True,openstreetmap,14.0,4.0,0.0,294.83,7.0,111.07,11.0,2.0,75.1,2.0,198.74,3.0,68.21,52.2,5.56,10.0,9.41,High
osm_6064242847,Ruby Bakery Cafe,27.6742674,85.3723917,cafe,,,,True,openstreetmap,,,,,,,,,,,,,,,,,,
osm_3316989679,French Bakery,27.7127874,85.3086857,cafe,,,,True,openstreetmap,92.0,14.0,0.0,305.53,3.0,299.59,27.0,4.0,56.26,2.0,62.4,1.0,320.38,85.31,1.2,10.0,10.0,High
osm_4329295892,Chiya Pasal,27.6732916,85.3247873,cafe,,,,True,openstreetmap,,,,,,,,,,,,,,,,,,
osm_1960049080,Shreya Cafe,27.7243842,85.3399976,cafe,,,,True,openstreetmap,12.0,4.0,0.0,265.95,1.0,447.84,8.0,1.0,181.42,0.0,500.0,0.0,500.0,20.37,0.06,4.4,8.14,High
osm_8274082617,Unknown Cafe,27.719246,85.3514875,cafe,,,,True,openstreetmap,11.0,2.0,0.0,311.44,36.0,390.16,22.0,5.0,110.01,3.0,120.75,4.0,117.88,90.4,2.59,10.0,7.5,High
osm_6089785680,Unknown Cafe,27.6906623,85.3348016,cafe,,,,True,openstreetmap,18.0,6.0,0.0,249.23,48.0,308.36,21.0,3.0,45.97,8.0,215.75,3.0,120.45,115.86,4.68,10.0,10.0,High
osm_8696865576,Jatra Cafe And Bar,27.7135878,85.3101557,cafe,,,,True,openstreetmap,105.0,45.0,0.0,240.68,4.0,383.8,22.0,2.0,131.95,4.0,107.54,1.0,469.67,85.31,0.64,10.0,10.0,High
osm_3500756844,Narayan Krishna Hotel And Newari Khaja Ghar,27.6807113,85.3861075,cafe,,,,True,openstreetmap,,,,,,,,,,,,,,,,,,
osm_4764302326,प्रेगो बेकरी क्याफे,27.7316427,85.344813,cafe,,,,True,openstreetmap,,,,,,,,,,,,,,,,,,
osm_4198642246,Himalayan Cafe,27.7215128,85.3626336,cafe,,,,True,openstreetmap,38.0,19.0,0.0,220.94,5.0,382.38,8.0,1.0,197.71,4.0,123.76,2.0,245.71,53.48,1.4,8.1,10.0,High
osm_4764301222,Khyaspaal Koffee,27.7346352,85.3463886,cafe,,,,True,openstreetmap,,,,,,,,,,,,,,,,,,
osm_8697027792,Trisara,27.714937,85.3102559,cafe,,,,True,openstreetmap,104.0,47.0,0.0,237.27,7.0,394.0,15.0,0.0,225.26,5.0,231.08,4.0,439.03,85.31,1.27,9.2,10.0,High
osm_6548976166,नेवा क्याफे एण्ड फास्टफूड,27.6833582,85.3189191,cafe,,,,True,openstreetmap,,,,,,,,,,,,,,,,,,
osm_6452250286,Cafe de Gengre,27.7116092,85.3089813,cafe,,,,True,openstreetmap,86.0,9.0,0.0,329.19,6.0,418.74,34.0,7.0,88.69,2.0,71.98,1.0,379.97,103.13,0.91,10.0,10.0,High
osm_4754370529,Unknown Cafe,27.6783062,85.312212,cafe,,,,True,openstreetmap,,,,,,,,,,,,,,,,,,
osm_6994388986,सलाद क्याफे एण्ड बार,27.7151867,85.310824,cafe,,,,True,openstreetmap,100.0,46.0,0.0,223.43,14.0,436.75,16.0,1.0,189.57,5.0,277.6,6.0,423.98,95.49,1.06,10.0,10.0,High
osm_2684766528,Chiya Pasal,27.6697599,85.3125156,cafe,,,,True,openstreetmap,,,,,,,,,,,,,,,,,,
osm_4772745425,Unknown Cafe,27.6884037,85.2702181,cafe,,,,True,openstreetmap,,,,,,,,,,,,,,,,,,
osm_5747075923,Unknown Cafe,27.7238984,85.3651352,cafe,,,,True,openstreetmap,34.0,5.0,0.0,318.99,6.0,269.05,13.0,1.0,142.9,2.0,349.85,2.0,317.7,53.48,2.19,7.3,10.0,High
osm_3280226571,MM Cyber,27.6734825,85.2799798,cafe,,,,True,openstreetmap,,,,,,,,,,,,,,,,,,
osm_8695713380,एस.के. क्याफे र तन्दुरी हाउस,27.7159752,85.3128841,cafe,,,,True,openstreetmap,92.0,16.0,0.0,284.01,10.0,348.17,8.0,2.0,32.01,3.0,258.75,3.0,251.56,50.93,2.98,8.0,10.0,High
osm_4550087489,Unknown Cafe,27.7125495,85.2899786,cafe,,,,True,openstreetmap,6.0,4.0,0.0,201.97,15.0,395.21,9.0,4.0,184.33,2.0,180.85,1.0,50.82,39.47,2.46,9.8,4.32,High
osm_1349664587,काठमाडौं टेरेस,27.7139958,85.3113644,cafe,,,,True,openstreetmap,107.0,54.0,0.0,222.33,7.0,374.0,17.0,0.0,226.48,5.0,233.63,0.0,500.0,75.12,1.06,8.6,10.0,High
osm_2144299583,Tukche Cafe,27.7244731,85.3311136,cafe,,,,True,openstreetmap,14.0,6.0,0.0,264.56,8.0,202.07,18.0,3.0,60.15,2.0,197.02,2.0,26.92,66.21,5.36,10.0,9.41,High
osm_3072786827,Unknown Cafe,27.6750366,85.3630475,cafe,,,,True,openstreetmap,,,,,,,,,,,,,,,,,,
osm_4533107891,Unknown Cafe,27.7244004,85.3311633,cafe,,,,True,openstreetmap,14.0,6.0,0.0,262.05,8.0,198.9,18.0,3.0,68.99,2.0,189.18,2.0,26.93,66.21,5.39,10.0,9.41,High
osm_3632051776,Namaste Khaja Ghar,27.679481,85.3858776,cafe,,,,True,openstreetmap,,,,,,,,,,,,,,,,,,
osm_3254988261,BGanesh Maharan's cafe,27.6730065,85.2770844,cafe,,,,True,openstreetmap,,,,,,,,,,,,,,,,,,
osm_1904414901,न्यूयोर्क क्याफे,27.6907767,85.3179357,cafe,,,,True,openstreetmap,7.0,3.0,0.0,245.17,23.0,243.18,2.0,0.0,216.79,7.0,157.89,4.0,49.82,64.94,5.16,8.6,4.96,High
osm_5382283622,Unknown Cafe,27.7087812,85.3244624,cafe,,,,True,openstreetmap,25.0,5.0,0.0,289.48,13.0,271.2,10.0,1.0,39.43,6.0,310.45,2.0,206.23,71.3,4.14,8.0,10.0,High
osm_5221096821,Unknown Cafe,27.6875981,85.340054,cafe,,,,True,openstreetmap,10.0,2.0,0.0,358.5,42.0,346.55,13.0,2.0,83.38,3.0,150.4,1.0,499.77,56.02,1.84,8.9,6.87,High
osm_3488601015,Aroma,27.7089046,85.3147168,cafe,,,,True,openstreetmap,37.0,9.0,0.0,336.82,18.0,282.49,20.0,8.0,38.23,5.0,234.79,3.0,18.82,94.22,5.33,10.0,10.0,High
osm_2297964825,Roadhouse Cafe,27.7209107,85.3619714,cafe,,,,True,openstreetmap,37.0,16.0,0.0,233.97,3.0,351.97,5.0,2.0,136.5,4.0,54.27,1.0,159.81,42.02,1.44,6.9,10.0,High
osm_2077194592,80's Cafe,27.7419992,85.3310492,cafe,,,,True,openstreetmap,,,,,,,,,,,,,,,,,,
osm_8344526517,Unknown Cafe,27.6547516,85.2283346,cafe,,,,True,openstreetmap,,,,,,,,,,,,,,,,,,
osm_1787036666,coffee corner,27.6715757,85.3193698,cafe,,,,True,openstreetmap,,,,,,,,,,,,,,,,,,
osm_4756492325,Unknown Cafe,27.6766295,85.3189936,cafe,,,,True,openstreetmap,,,,,,,,,,,,,,,,,,
osm_2072662338,Lama's Cafe,27.7303055,85.325174,cafe,,,,True,openstreetmap,19.0,7.0,0.0,287.33,1.0,185.53,10.0,2.0,116.56,4.0,158.77,1.0,185.53,54.75,1.22,8.4,10.0,High
osm_1990673919,Kavre Bhojanalaya,27.6736122,85.3755146,cafe,,,,True,openstreetmap,,,,,,,,,,,,,,,,,,
osm_7043814186,kar.ma cafe,27.713641,85.3123937,cafe,,,,True,openstreetmap,105.0,40.0,0.0,246.94,7.0,314.39,16.0,0.0,253.06,5.0,317.31,1.0,470.26,76.39,1.64,7.1,10.0,High
osm_1044375800,Cafe Du Temple,27.7217332,85.3614154,cafe,,,,True,openstreetmap,38.0,17.0,0.0,231.58,5.0,385.53,7.0,0.0,234.2,4.0,148.83,2.0,168.95,50.93,1.59,5.8,10.0,High
osm_3254965461,MM cyber,27.6702032,85.2809058,cafe,,,,True,openstreetmap,,,,,,,,,,,,,,,,,,
osm_6105049588,क्याफे मित्रा,27.7126821,85.3111938,cafe,,,,True,openstreetmap,104.0,34.0,0.0,249.4,7.0,412.6,22.0,3.0,130.26,3.0,178.37,0.0,500.0,75.12,0.73,10.0,10.0,High
osm_4411694208,बिया क्याफे बेकरी,27.7121724,85.2880845,cafe,,,,True,openstreetmap,5.0,4.0,0.0,189.15,1.0,186.19,10.0,4.0,8.75,2.0,328.86,1.0,186.19,42.02,1.21,6.1,3.68,High
osm_4286217796,Unknown Cafe,27.6946485,85.2928546,cafe,,,,True,openstreetmap,3.0,1.0,0.0,159.28,0.0,500.0,15.0,2.0,109.57,1.0,375.7,0.0,500.0,44.56,0.0,6.9,2.41,High
osm_2684756028,Goel Bakery,27.6689905,85.3100817,cafe,,,,True,openstreetmap,,,,,,,,,,,,,,,,,,
osm_7309368485,Unknown Cafe,27.745874,85.3474071,cafe,,,,True,openstreetmap,,,,,,,,,,,,,,,,,,
osm_6022301486,Unknown Cafe,27.7243311,85.3645086,cafe,,,,True,openstreetmap,34.0,7.0,0.0,295.62,6.0,208.27,15.0,2.0,173.07,3.0,398.34,2.0,240.47,64.94,2.8,8.3,10.0,High
osm_6659807985,Unknown Cafe,27.6899912,85.3343574,cafe,,,,True,openstreetmap,17.0,9.0,0.0,212.97,46.0,304.03,19.0,3.0,54.71,6.0,135.97,3.0,136.42,98.04,4.64,10.0,10.0,High
osm_3464574293,Delicious Cafe,27.7103555,85.3109833,cafe,,,,True,openstreetmap,71.0,10.0,0.0,324.18,9.0,396.34,30.0,7.0,14.14,3.0,205.69,1.0,400.58,99.31,1.38,10.0,10.0,High
osm_6055081186,Caffeophilia,27.6723068,85.3254709,cafe,,,,True,openstreetmap,,,,,,,,,,,,,,,,,,
osm_1399507907,Cuppas Cafe,27.7231911,85.2939657,cafe,,,,True,openstreetmap,1.0,1.0,0.0,0.0,4.0,321.08,6.0,0.0,266.34,1.0,228.76,2.0,69.78,29.28,2.22,6.8,1.14,High
osm_5367691381,Coffee Tea & Me,27.6743388,85.3253999,cafe,,,,True,openstreetmap,,,,,,,,,,,,,,,,,,
osm_1904243455,kwalkhu cafe,27.6745207,85.324559,cafe,,,,True,openstreetmap,,,,,,,,,,,,,,,,,,
osm_2699906123,Dhumbarahi vojanalaya,27.7276422,85.3416028,cafe,,,,True,openstreetmap,9.0,4.0,0.0,236.9,6.0,382.87,6.0,2.0,96.94,1.0,358.3,0.0,500.0,21.65,0.84,4.2,6.23,High
osm_5175879624,Cafe Pashupati,27.7100558,85.3494056,cafe,,,,True,openstreetmap,6.0,2.0,0.0,319.34,41.0,426.33,4.0,0.0,398.58,2.0,410.58,2.0,436.09,30.56,1.06,2.6,4.32,High
osm_671207877,Cafe Columbus,27.6770864,85.3095229,cafe,,,,True,openstreetmap,,,,,,,,,,,,,,,,,,
osm_7070908087,Unknown Cafe,27.6965573,85.3377258,cafe,,,,True,openstreetmap,13.0,2.0,0.0,289.04,14.0,404.24,21.0,4.0,63.28,4.0,78.72,1.0,497.69,82.76,1.16,10.0,8.78,High
osm_6342532344,हिमालयन ब्रु कफी,27.718273,85.3118525,cafe,,,,True,openstreetmap,60.0,7.0,0.0,351.81,9.0,325.93,14.0,4.0,129.18,3.0,70.45,6.0,122.31,77.67,3.37,10.0,10.0,High
osm_4155180091,Kavreli cafe,27.7118379,85.3541503,cafe,,,,True,openstreetmap,5.0,2.0,0.0,215.18,0.0,500.0,7.0,2.0,168.77,1.0,491.63,0.0,500.0,24.19,0.0,4.5,3.68,High
osm_4922129021,Unknown Cafe,27.6951624,85.3357106,cafe,,,,True,openstreetmap,9.0,3.0,0.0,288.62,15.0,300.08,26.0,7.0,18.46,5.0,161.97,1.0,322.65,101.86,2.87,10.0,6.23,High
osm_4295544047,Unknown Cafe,27.6837201,85.3859155,cafe,,,,True,openstreetmap,,,,,,,,,,,,,,,,,,
osm_2091833637,Sushant Bakery Cafe,27.719776,85.3373561,cafe,,,,True,openstreetmap,8.0,4.0,0.0,228.24,8.0,430.49,17.0,4.0,115.6,1.0,401.31,0.0,500.0,49.66,0.67,7.5,5.59,High
osm_3363046525,S2 bakery and momo,27.7118262,85.3417089,cafe,,,,True,openstreetmap,12.0,3.0,0.0,321.98,51.0,347.0,25.0,8.0,24.35,2.0,377.36,1.0,296.46,80.21,2.38,10.0,8.14,High
osm_3188098276,बेकरी क्याफे,27.7140781,85.3139167,cafe,,,,True,openstreetmap,97.0,18.0,0.0,308.42,18.0,343.15,10.0,0.0,243.35,4.0,350.09,2.0,359.23,58.57,2.31,5.2,10.0,High
osm_2684761311,Abishek khaja Ghar,27.6708713,85.3120842,cafe,,,,True,openstreetmap,,,,,,,,,,,,,,,,,,
osm_4903561323,Unknown Cafe,27.7125117,85.3185407,cafe,,,,True,openstreetmap,22.0,6.0,0.0,293.57,28.0,264.68,5.0,0.0,351.38,1.0,409.1,2.0,100.99,26.74,4.14,2.5,10.0,High
osm_4566227089,Unknown Cafe,27.721634,85.3625473,cafe,,,,True,openstreetmap,38.0,20.0,0.0,216.83,6.0,392.93,7.0,0.0,210.39,4.0,134.23,2.0,244.87,50.93,1.5,5.8,10.0,High
osm_4371612099,राम्रो खाना क्याफे,27.706281,85.2883237,cafe,,,,True,openstreetmap,3.0,1.0,0.0,255.22,0.0,500.0,6.0,1.0,121.18,1.0,158.13,0.0,500.0,21.65,0.0,5.7,2.41,High
osm_2073153212,Niyalo Cafe,27.7309421,85.3298884,cafe,,,,True,openstreetmap,16.0,6.0,0.0,293.06,2.0,448.9,11.0,5.0,16.73,3.0,57.84,2.0,413.06,54.75,0.4,8.6,10.0,High
osm_669269004,Cafe U,27.6826497,85.3062865,cafe,,,,True,openstreetmap,,,,,,,,,,,,,,,,,,
osm_4739830723,Unknown Cafe,27.693052,85.3404039,cafe,,,,True,openstreetmap,8.0,1.0,0.0,282.6,17.0,342.63,25.0,5.0,36.98,4.0,275.38,1.0,423.15,92.95,2.09,10.0,5.59,High
osm_6203425585,Unknown Cafe,27.7006009,85.3397065,cafe,,,,True,openstreetmap,9.0,2.0,0.0,291.68,1.0,379.29,18.0,5.0,47.81,1.0,426.56,0.0,500.0,52.2,0.14,7.8,6.23,High
osm_4646679991,Unknown Cafe,27.7214768,85.3201219,cafe,,,,True,openstreetmap,14.0,6.0,0.0,239.17,2.0,382.08,9.0,1.0,118.6,1.0,258.1,2.0,312.69,36.92,0.91,7.2,9.41,High
osm_4294367314,सनराइज क्याफे,27.6877796,85.3162127,cafe,,,,True,openstreetmap,,,,,,,,,,,,,,,,,,
osm_3074563847,Cross Road Cafe,27.7080891,85.3395574,cafe,,,,True,openstreetmap,10.0,8.0,0.0,151.39,28.0,358.69,19.0,1.0,180.69,1.0,424.54,0.0,500.0,54.75,1.7,8.1,6.87,High
osm_1905315994,Ice cafe,27.7000991,85.3218351,cafe,,,,True,openstreetmap,4.0,4.0,0.0,79.85,28.0,242.4,18.0,4.0,89.4,3.0,300.93,2.0,164.75,72.57,4.86,9.2,3.05,High
osm_6234086140,Coffee Nepal,27.7147203,85.3107101,cafe,,,,True,openstreetmap,105.0,49.0,0.0,222.58,11.0,439.26,18.0,0.0,225.74,4.0,234.35,3.0,471.2,82.76,0.86,9.4,10.0,High
osm_1990673920,Khaja Ghar Bhojanalaya,27.6737663,85.3720156,cafe,,,,True,openstreetmap,,,,,,,,,,,,,,,,,,
osm_4923827856,Phyaphulla Resturant,27.7230366,85.3798426,cafe,,,,True,openstreetmap,,,,,,,,,,,,,,,,,,
osm_4921602765,Kwality Cafe,27.7347207,85.3173512,cafe,,,,True,openstreetmap,4.0,2.0,0.0,137.56,5.0,293.88,10.0,0.0,237.67,2.0,13.0,2.0,270.36,45.84,2.14,5.9,3.05,High
osm_4688178792,Unknown Cafe,27.7153615,85.3089237,cafe,,,,True,openstreetmap,95.0,21.0,0.0,293.7,12.0,383.85,18.0,1.0,113.21,5.0,257.21,7.0,349.93,104.41,2.17,10.0,10.0,High
osm_2684818090,Unknown Cafe,27.6678446,85.3164552,cafe,,,,True,openstreetmap,,,,,,,,,,,,,,,,,,
osm_4401051297,Unknown Cafe,27.7081859,85.322004,cafe,,,,True,openstreetmap,25.0,9.0,0.0,269.56,11.0,293.34,12.0,1.0,138.76,8.0,291.42,2.0,148.62,89.13,3.56,10.0,10.0,High
osm_4370642891,Unknown Cafe,27.7034529,85.3070353,cafe,,,,True,openstreetmap,23.0,16.0,0.0,167.12,7.0,352.7,21.0,3.0,36.96,1.0,215.43,0.0,500.0,59.84,1.24,10.0,10.0,High
osm_5631392922,Unknown Cafe,27.7234135,85.3619161,cafe,,,,True,openstreetmap,38.0,14.0,0.0,240.1,6.0,288.48,15.0,0.0,223.09,5.0,241.56,2.0,297.91,77.67,2.45,8.6,10.0,High
osm_7199588986,Unknown Cafe,27.7197297,85.3172123,cafe,,,,True,openstreetmap,16.0,4.0,0.0,264.07,4.0,276.46,7.0,0.0,228.11,1.0,89.23,4.0,112.53,39.47,2.86,5.2,10.0,High
osm_4861158321,Unknown Cafe,27.7154107,85.3086912,cafe,,,,True,openstreetmap,95.0,16.0,0.0,309.75,12.0,374.68,18.0,1.0,98.94,5.0,266.3,7.0,332.14,104.41,2.38,10.0,10.0,High
osm_8696269324,Taste Of Home,27.7108238,85.3122729,cafe,,,,True,openstreetmap,87.0,14.0,0.0,332.64,13.0,419.06,25.0,7.0,104.53,3.0,244.18,2.0,326.68,90.4,1.54,10.0,10.0,High
osm_3221224948,Unknown Cafe,27.7185971,85.3366663,cafe,,,,True,openstreetmap,10.0,2.0,0.0,321.19,6.0,403.7,18.0,5.0,15.75,1.0,275.13,0.0,500.0,52.2,0.69,9.3,6.87,High
osm_6503654687,Unknown Cafe,27.6752887,85.323854,cafe,,,,True,openstreetmap,,,,,,,,,,,,,,,,,,
osm_8571521518,Unknown Cafe,27.7073238,85.2821474,cafe,,,,True,openstreetmap,,,,,,,,,,,,,,,,,,
osm_5094087721,Aroma Himalayan Coffee,27.6676055,85.3218404,cafe,,,,True,openstreetmap,,,,,,,,,,,,,,,,,,
osm_4377572768,Siddhartha Sweets and Bakery,27.6832434,85.3477695,cafe,,,,True,openstreetmap,23.0,10.0,0.0,239.49,27.0,292.43,20.0,7.0,50.72,3.0,47.46,1.0,405.87,73.85,2.74,10.0,10.0,High
osm_3074569319,Newaaz cafe,27.708086,85.3399227,cafe,,,,True,openstreetmap,10.0,7.0,0.0,162.82,28.0,359.78,20.0,0.0,214.6,1.0,460.46,1.0,489.65,61.12,1.71,6.7,6.87,High
osm_3753930765,Mocha Pot,27.6784388,85.3142984,cafe,,,,True,openstreetmap,,,,,,,,,,,,,,,,,,
osm_4198396491,Sabrina,27.7333341,85.3380804,cafe,,,,True,openstreetmap,5.0,2.0,0.0,233.38,3.0,445.76,6.0,2.0,152.14,0.0,500.0,1.0,451.5,19.1,0.32,4.1,3.68,High
osm_1996638818,Hearten Cafe,27.6972659,85.3379163,cafe,,,,True,openstreetmap,12.0,3.0,0.0,268.08,8.0,443.42,24.0,4.0,63.09,4.0,32.35,0.0,500.0,86.58,0.54,10.0,8.14,High
osm_1904311760,D'square Cafe,27.673636,85.3247448,cafe,,,,True,openstreetmap,,,,,,,,,,,,,,,,,,
osm_6874841987,Unknown Cafe,27.7130965,85.3421449,cafe,,,,True,openstreetmap,9.0,4.0,0.0,240.07,79.0,396.65,29.0,9.0,91.26,2.0,309.15,1.0,352.99,90.4,1.63,10.0,6.23,High
osm_4664767490,Redmud Coffee,27.6931779,85.3190344,cafe,,,,True,openstreetmap,7.0,2.0,0.0,267.97,29.0,338.98,2.0,1.0,129.84,7.0,310.33,4.0,93.43,64.94,3.44,9.1,4.96,High
osm_3811339839,Cafe,27.7217885,85.3738388,cafe,,,,True,openstreetmap,,,,,,,,,,,,,,,,,,
osm_5878337985,गल्ली क्याफे,27.7034416,85.3067313,cafe,,,,True,openstreetmap,23.0,16.0,0.0,183.38,7.0,351.96,19.0,3.0,14.42,1.0,236.43,0.0,500.0,54.75,1.24,9.6,10.0,High
osm_5006170124,Unknown Cafe,27.7438263,85.3405843,cafe,,,,True,openstreetmap,3.0,2.0,0.0,140.9,2.0,170.07,14.0,1.0,46.94,2.0,309.65,0.0,500.0,48.38,0.79,7.0,2.41,High
osm_669530117,Vesper Cafe,27.6761258,85.3135444,cafe,,,,True,openstreetmap,,,,,,,,,,,,,,,,,,
osm_1389188958,कफी स्टेशन,27.6906972,85.3179342,cafe,,,,True,openstreetmap,7.0,3.0,0.0,249.68,22.0,233.68,2.0,0.0,223.0,7.0,152.92,4.0,41.6,64.94,5.28,8.6,4.96,High
osm_7183571785,Unknown Cafe,27.7094833,85.3146227,cafe,,,,True,openstreetmap,46.0,8.0,0.0,349.2,24.0,336.72,20.0,10.0,22.91,4.0,170.84,3.0,81.04,87.85,4.33,10.0,10.0,High
osm_3094285270,चिलिस रेस्टुरेन्ट,27.7144574,85.3118441,cafe,,,,True,openstreetmap,106.0,52.0,0.0,229.28,8.0,360.2,16.0,1.0,176.67,5.0,299.76,1.0,436.09,76.39,1.51,10.0,10.0,High
osm_2117332527,Top Of The World Coffee,27.6806586,85.3104612,cafe,,,,True,openstreetmap,,,,,,,,,,,,,,,,,,
osm_2006116226,Tifin Home,27.7175696,85.3289324,cafe,,,,True,openstreetmap,21.0,6.0,0.0,286.2,14.0,337.49,12.0,0.0,215.95,3.0,155.14,1.0,158.92,53.48,2.86,6.6,10.0,High
osm_2212506691,बेकरी क्याफे,27.7098873,85.3181147,cafe,,,,True,openstreetmap,26.0,9.0,0.0,266.55,28.0,294.99,14.0,1.0,76.47,4.0,352.9,3.0,161.9,72.57,4.0,8.7,10.0,High
osm_5604211228,Unknown Cafe,27.7201859,85.3627075,cafe,,,,True,openstreetmap,35.0,12.0,0.0,268.35,2.0,352.08,5.0,3.0,57.06,3.0,57.32,1.0,228.18,35.65,1.08,6.5,10.0,High
osm_2166606917,Snowman,27.702504,85.3079539,cafe,,,,True,openstreetmap,23.0,14.0,0.0,192.82,7.0,387.39,21.0,4.0,57.37,3.0,276.03,0.0,500.0,72.57,0.95,10.0,10.0,High
osm_2071332684,NAXA Canteen,27.7307848,85.3295597,cafe,,,,True,openstreetmap,16.0,5.0,0.0,276.75,1.0,438.69,11.0,5.0,41.52,3.0,86.06,1.0,438.69,50.93,0.24,8.3,10.0,High
osm_4761809073,मिन पसल,27.7079204,85.3217593,cafe,,,,True,openstreetmap,25.0,9.0,0.0,269.44,13.0,338.63,13.0,1.0,126.65,8.0,272.68,2.0,135.86,91.67,2.96,10.0,10.0,High
osm_8696242385,Hamro Cafe,27.7119536,85.3121862,cafe,,,,True,openstreetmap,99.0,24.0,0.0,286.49,9.0,407.72,22.0,3.0,170.79,3.0,247.33,1.0,429.35,78.94,1.19,10.0,10.0,High
osm_873531754,Cafe 16,27.6760518,85.3126299,cafe,,,,True,openstreetmap,,,,,,,,,,,,,,,,,,
osm_2684630120,hangout,27.6850859,85.3346508,cafe,,,,True,openstreetmap,10.0,5.0,0.0,251.19,29.0,416.28,22.0,7.0,86.74,4.0,179.92,1.0,361.34,85.31,1.37,10.0,6.87,High
osm_4020230289,Unknown Cafe,27.6745195,85.3234431,cafe,,,,True,openstreetmap,,,,,,,,,,,,,,,,,,
osm_3144951825,Stranger Cafe,27.7111207,85.3087644,cafe,,,,True,openstreetmap,79.0,7.0,0.0,356.63,7.0,399.06,35.0,9.0,114.71,3.0,117.65,1.0,386.31,112.05,1.15,10.0,10.0,High
osm_4866958021,Unknown Cafe,27.6698761,85.3824572,cafe,,,,True,openstreetmap,,,,,,,,,,,,,,,,,,
osm_4437847089,Teafresho Tea Lounge,27.7116015,85.3126146,cafe,,,,True,openstreetmap,99.0,19.0,0.0,316.23,19.0,440.06,24.0,3.0,113.67,3.0,219.48,2.0,373.53,87.85,1.13,10.0,10.0,High
osm_4742688321,ला पाना-अर्जेन्टिनी क्याफेटेरिया,27.6764587,85.3086333,cafe,,,,True,openstreetmap,,,,,,,,,,,,,,,,,,
osm_6002021096,Unknown Cafe,27.7180858,85.3119467,cafe,,,,True,openstreetmap,68.0,7.0,0.0,354.81,7.0,281.28,14.0,4.0,112.72,3.0,71.05,5.0,136.12,73.85,3.57,10.0,10.0,High
osm_3074604294,Cross Road Cafe,27.708259,85.3395086,cafe,,,,True,openstreetmap,10.0,8.0,0.0,150.82,29.0,349.05,19.0,2.0,169.94,1.0,420.93,0.0,500.0,54.75,1.81,8.1,6.87,High
osm_6123191786,Unknown Cafe,27.7060417,85.3094917,cafe,,,,True,openstreetmap,28.0,2.0,0.0,332.36,13.0,329.82,23.0,2.0,178.48,5.0,160.56,1.0,497.12,94.22,2.05,10.0,10.0,High
osm_4293343214,Red pepper cafe,27.7174713,85.3273617,cafe,,,,True,openstreetmap,19.0,7.0,0.0,262.43,13.0,364.18,11.0,1.0,69.99,3.0,255.83,1.0,302.4,50.93,2.16,8.3,10.0,High
osm_8349373723,Unknown Cafe,27.7441868,85.3474766,cafe,,,,True,openstreetmap,,,,,,,,,,,,,,,,,,
osm_5075026794,Himalayan Java Coffee,27.7219078,85.3616193,cafe,,,,True,openstreetmap,38.0,17.0,0.0,223.05,6.0,387.96,7.0,0.0,237.41,4.0,164.07,2.0,196.49,50.93,1.71,5.8,10.0,High
osm_8696330979,Cha Cha Cafe,27.7132641,85.3122829,cafe,,,,True,openstreetmap,105.0,38.0,0.0,249.59,6.0,306.01,17.0,0.0,252.24,3.0,300.69,0.0,500.0,62.39,1.4,6.3,10.0,High
osm_5981559530,Woodland Cafe,27.7294287,85.3603859,cafe,,,,True,openstreetmap,,,,,,,,,,,,,,,,,,
osm_4741180321,Unknown Cafe,27.7055989,85.3256988,cafe,,,,True,openstreetmap,24.0,2.0,0.0,319.6,8.0,449.29,24.0,4.0,37.74,7.0,60.81,2.0,338.99,113.32,0.95,10.0,10.0,High
osm_4531176389,कार्गो इन्टरनेट क्याफे,27.7159887,85.3114876,cafe,,,,True,openstreetmap,94.0,35.0,0.0,250.38,12.0,391.59,14.0,2.0,106.6,5.0,191.35,5.0,367.73,86.58,2.16,10.0,10.0,High
osm_1894153478,Roadhouse Cafe,27.7200796,85.3315321,cafe,,,,True,openstreetmap,19.0,5.0,0.0,309.05,12.0,347.89,16.0,1.0,99.13,3.0,275.23,2.0,369.63,67.48,2.29,10.0,10.0,High
osm_8696832028,मार्कहम बिस्ट्रो,27.7122466,85.3107287,cafe,,,,True,openstreetmap,104.0,33.0,0.0,274.95,5.0,438.78,26.0,4.0,83.55,3.0,114.54,0.0,500.0,85.31,0.37,10.0,10.0,High
osm_4299434289,चिया र कफी,27.6627453,85.3059894,cafe,,,,True,openstreetmap,,,,,,,,,,,,,,,,,,
osm_3509034495,स्टार क्याफे,27.7094937,85.3165901,cafe,,,,True,openstreetmap,26.0,12.0,0.0,257.51,29.0,315.17,14.0,7.0,78.02,4.0,248.37,4.0,23.64,76.39,4.0,10.0,10.0,High
osm_5443291921,cafe bliss,27.7139037,85.3112841,cafe,,,,True,openstreetmap,108.0,55.0,0.0,225.09,7.0,379.1,17.0,0.0,213.55,5.0,222.08,0.0,500.0,75.12,1.02,8.6,10.0,High
osm_4366618678,Unknown Cafe,27.7175541,85.3091367,cafe,,,,True,openstreetmap,67.0,5.0,0.0,348.49,11.0,252.91,18.0,4.0,63.15,4.0,166.2,7.0,138.83,98.04,4.95,10.0,10.0,High
osm_5811285128,Didiko Khaja ghar,27.6885854,85.3440943,cafe,,,,True,openstreetmap,15.0,2.0,0.0,335.36,25.0,338.06,17.0,4.0,120.93,2.0,320.67,1.0,436.56,59.84,2.11,8.2,10.0,High
osm_2077238425,New Horizon cafe,27.7385718,85.3252583,cafe,,,,True,openstreetmap,,,,,,,,,,,,,,,,,,
osm_6056855122,Himalayan Beanz barista and bakery school,27.7085974,85.3259225,cafe,,,,True,openstreetmap,24.0,6.0,0.0,314.45,13.0,294.0,12.0,1.0,182.36,6.0,292.25,2.0,154.39,76.39,3.73,10.0,10.0,High
osm_3347632389,Coffee and Cupcakes,27.6821723,85.3168394,cafe,,,,True,openstreetmap,,,,,,,,,,,,,,,,,,
osm_2090732553,Peace Corner Food Cafe,27.7174037,85.3251821,cafe,,,,True,openstreetmap,14.0,6.0,0.0,223.56,4.0,310.4,9.0,1.0,164.59,2.0,202.52,0.0,500.0,35.65,0.91,7.0,9.41,High
osm_2684763711,Kathmandu Tea Room,27.670217,85.3123899,cafe,,,,True,openstreetmap,,,,,,,,,,,,,,,,,,
osm_6524367786,सामसरा कफी,27.7202207,85.3308557,cafe,,,,True,openstreetmap,21.0,5.0,0.0,319.98,13.0,339.1,17.0,1.0,113.53,3.0,273.46,3.0,370.27,73.85,2.48,10.0,10.0,High
osm_2684756431,Newari Fast Food,27.6688312,85.3098016,cafe,,,,True,openstreetmap,,,,,,,,,,,,,,,,,,
osm_4513310490,Unknown Cafe,27.724934,85.3606975,cafe,,,,True,openstreetmap,32.0,5.0,0.0,337.43,9.0,360.26,15.0,1.0,190.63,2.0,96.02,5.0,243.54,70.03,2.24,10.0,10.0,High
osm_7187648185,Ramailo Chautari Cafe,27.7225539,85.3359433,cafe,,,,True,openstreetmap,15.0,2.0,0.0,355.68,1.0,485.58,18.0,1.0,197.35,1.0,482.56,0.0,500.0,52.2,0.02,7.8,10.0,High
osm_7816973945,HImalayan Java Baluwatar,27.726702,85.3307019,cafe,,,,True,openstreetmap,,,,,,,,,,,,,,,,,,
osm_4141167689,Cafe,27.7016958,85.3268655,cafe,,,,True,openstreetmap,6.0,1.0,0.0,313.04,9.0,369.72,24.0,2.0,81.38,2.0,72.33,3.0,331.77,85.31,2.61,10.0,4.32,High
osm_8696242410,Beautiful Private Chef,27.7114274,85.3120881,cafe,,,,True,openstreetmap,93.0,17.0,0.0,301.8,11.0,425.12,24.0,5.0,141.02,3.0,240.71,1.0,388.43,84.03,1.2,10.0,10.0,High
osm_2236942184,Meet Point Cafe,27.6953955,85.3408978,cafe,,,,True,openstreetmap,9.0,2.0,0.0,317.92,12.0,437.97,28.0,2.0,126.17,5.0,317.95,0.0,500.0,103.13,0.74,10.0,6.23,High
osm_2027866686,Anmol Catering Service,27.6906279,85.3348877,cafe,,,,True,openstreetmap,18.0,6.0,0.0,249.52,48.0,303.24,21.0,3.0,42.43,8.0,208.4,3.0,111.51,115.86,4.78,10.0,10.0,High
osm_6371985765,H2O Cafe,27.7178141,85.3474135,cafe,,,,True,openstreetmap,17.0,6.0,0.0,264.02,97.0,240.86,29.0,2.0,197.16,8.0,42.76,5.0,36.61,143.88,5.81,10.0,10.0,High
osm_2090623548,दरबार क्याफे र फास्ट फूड,27.7179881,85.3217275,cafe,,,,True,openstreetmap,19.0,1.0,0.0,355.07,4.0,435.58,9.0,2.0,70.69,2.0,439.86,2.0,373.05,43.29,0.85,6.1,10.0,High
osm_1905155387,Universal Cafe,27.7393987,85.3389263,cafe,,,,True,openstreetmap,11.0,3.0,0.0,289.26,7.0,261.26,11.0,2.0,193.11,3.0,182.39,1.0,178.79,50.93,2.86,8.3,7.5,High
osm_4329284695,Mellow Mug,27.6809659,85.3204337,cafe,,,,True,openstreetmap,,,,,,,,,,,,,,,,,,
osm_5339943224,Unknown Cafe,27.7008244,85.3826938,cafe,,,,True,openstreetmap,,,,,,,,,,,,,,,,,,
osm_1349697710,निर्मला,27.7161351,85.3099503,cafe,,,,True,openstreetmap,90.0,29.0,0.0,270.01,11.0,358.2,17.0,1.0,189.27,5.0,204.24,6.0,303.0,98.04,2.79,10.0,10.0,High
osm_3391516598,Cafe Soma,27.7275171,85.330661,cafe,,,,True,openstreetmap,18.0,3.0,0.0,323.82,5.0,404.81,20.0,1.0,73.5,2.0,78.5,2.0,325.72,71.3,1.37,10.0,10.0,High
osm_6573684485,Unknown Cafe,27.6850752,85.3873125,cafe,,,,True,openstreetmap,,,,,,,,,,,,,,,,,,
osm_5501106721,Unknown Cafe,27.6839764,85.2985299,cafe,,,,True,openstreetmap,1.0,1.0,0.0,0.0,23.0,135.74,6.0,2.0,161.32,2.0,33.68,4.0,104.48,43.29,7.2,7.3,1.14,High
osm_7183426485,traditional food cafe,27.7101515,85.3135879,cafe,,,,True,openstreetmap,67.0,8.0,0.0,357.65,23.0,376.46,22.0,7.0,46.74,2.0,148.96,3.0,186.08,80.21,3.04,10.0,10.0,High
osm_669530248,New Orleans Cafe,27.6760015,85.3142368,cafe,,,,True,openstreetmap,,,,,,,,,,,,,,,,,,
osm_3626551800,Unknown Cafe,27.7233361,85.3632029,cafe,,,,True,openstreetmap,37.0,16.0,0.0,230.09,6.0,261.63,16.0,0.0,258.42,4.0,329.2,2.0,292.33,73.85,2.49,7.0,10.0,High
osm_2754314875,Islington Canteen,27.7077309,85.3251574,cafe,,,,True,openstreetmap,25.0,5.0,0.0,279.19,13.0,332.87,12.0,2.0,170.74,6.0,190.91,2.0,263.77,76.39,3.26,10.0,10.0,High
osm_6398038386,Unknown Cafe,27.6856343,85.3206265,cafe,,,,True,openstreetmap,,,,,,,,,,,,,,,,,,
osm_1898521001,Espression the cafe,27.7150782,85.3265014,cafe,,,,True,openstreetmap,18.0,2.0,0.0,293.89,14.0,293.58,7.0,1.0,187.62,3.0,62.26,1.0,432.3,40.74,2.66,7.1,10.0,High
osm_4250466798,Bliss Raw cafe,27.7222497,85.3623753,cafe,,,,True,openstreetmap,38.0,19.0,0.0,212.23,6.0,348.43,10.0,0.0,278.43,4.0,199.3,2.0,274.11,58.57,1.92,6.7,10.0,High
osm_6280119124,Red Cafe,27.7353344,85.3376844,cafe,,,,True,openstreetmap,13.0,2.0,0.0,352.47,6.0,424.82,6.0,1.0,123.91,3.0,434.43,1.0,455.31,38.2,0.66,5.3,8.78,High
osm_5331658619,Cafe Chheli,27.6763813,85.3120522,cafe,,,,True,openstreetmap,,,,,,,,,,,,,,,,,,
osm_4707907789,Unknown Cafe,27.7263913,85.3025702,cafe,,,,True,openstreetmap,1.0,1.0,0.0,0.0,7.0,267.72,9.0,1.0,194.31,2.0,226.07,3.0,67.38,47.11,3.79,10.0,1.14,High
osm_2684757122,Tandoori fast food,27.671919,85.3129037,cafe,,,,True,openstreetmap,,,,,,,,,,,,,,,,,,
osm_6390260885,Cafe du Pashupati,27.7098173,85.3506801,cafe,,,,True,openstreetmap,5.0,2.0,0.0,267.9,17.0,456.52,4.0,0.0,361.58,1.0,496.1,1.0,406.79,20.37,0.77,1.9,3.68,High
osm_4637331289,फालानो कफी घर,27.6792609,85.3170332,cafe,,,,True,openstreetmap,,,,,,,,,,,,,,,,,,
osm_5948298807,Kar.ma Coffee @ HUB,27.713477,85.312336,cafe,,,,True,openstreetmap,104.0,38.0,0.0,244.53,7.0,323.65,15.0,0.0,266.63,4.0,308.52,1.0,488.57,67.48,1.51,6.4,10.0,High
osm_2088458832,Radhe Radhe Bakery Cafe,27.7213424,85.337798,cafe,,,,True,openstreetmap,11.0,4.0,0.0,250.0,4.0,453.13,13.0,2.0,94.79,0.0,500.0,0.0,500.0,33.1,0.22,5.9,7.5,High
osm_6117187685,Unknown Cafe,27.6995757,85.2811467,cafe,,,,True,openstreetmap,,,,,,,,,,,,,,,,,,
osm_1927559646,एनडीको,27.6693345,85.3357777,cafe,,,,True,openstreetmap,,,,,,,,,,,,,,,,,,
osm_4418021591,Unknown Cafe,27.7188053,85.3175635,cafe,,,,True,openstreetmap,15.0,7.0,0.0,232.93,4.0,238.31,6.0,1.0,158.67,1.0,165.99,4.0,69.21,36.92,3.35,9.4,10.0,High
osm_4866405621,Unknown Cafe,27.694091,85.319602,cafe,,,,True,openstreetmap,8.0,2.0,0.0,347.17,26.0,349.59,1.0,0.0,221.12,4.0,211.24,3.0,28.35,39.47,3.22,6.8,5.59,High
osm_3329427562,एक्सप्रेसो डिलाईट,27.7094121,85.3166482,cafe,,,,True,openstreetmap,25.0,10.0,0.0,251.35,29.0,318.12,14.0,7.0,73.27,4.0,258.75,4.0,14.69,76.39,3.98,10.0,10.0,High
osm_4813039923,भगवान बाहल क्याफे,27.7153536,85.3123371,cafe,,,,True,openstreetmap,96.0,39.0,0.0,242.09,10.0,360.6,10.0,1.0,66.05,4.0,285.75,3.0,334.82,62.39,2.38,9.0,10.0,High
osm_669512726,Bay 7 Restaurant & Bar,27.6810649,85.3104154,cafe,,,,True,openstreetmap,,,,,,,,,,,,,,,,,,
osm_3221248085,Unknown Cafe,27.7294145,85.3309557,cafe,,,,True,openstreetmap,14.0,5.0,0.0,254.43,0.0,500.0,16.0,3.0,150.5,3.0,245.28,0.0,500.0,59.84,0.0,9.5,9.41,High
osm_7757295486,Unknown Cafe,27.6854763,85.3301731,cafe,,,,True,openstreetmap,19.0,1.0,0.0,386.47,6.0,431.44,22.0,3.0,83.26,2.0,427.14,0.0,500.0,68.75,0.49,9.4,10.0,High
osm_5436915452,Eliz cafe,27.6770715,85.2807432,cafe,,,,True,openstreetmap,,,,,,,,,,,,,,,,,,
osm_1349658493,Annapurna,27.7153399,85.3116362,cafe,,,,True,openstreetmap,97.0,43.0,0.0,225.05,12.0,400.98,15.0,1.0,111.52,5.0,264.96,5.0,393.25,89.13,1.6,10.0,10.0,High
osm_4742382628,Unknown Cafe,27.6929724,85.3669302,cafe,,,,True,openstreetmap,4.0,1.0,0.0,265.63,5.0,430.22,11.0,2.0,52.04,0.0,500.0,1.0,428.39,31.83,0.61,5.6,3.05,High
osm_5158172421,Unknown Cafe,27.7286503,85.3258848,cafe,,,,True,openstreetmap,23.0,7.0,0.0,290.28,1.0,95.51,12.0,2.0,96.89,3.0,295.98,1.0,95.51,53.48,1.56,10.0,10.0,High
osm_5304916525,Unknown Cafe,27.7463261,85.316654,cafe,,,,True,openstreetmap,,,,,,,,,,,,,,,,,,
osm_4985309194,Universal Cafe,27.7393436,85.3389259,cafe,,,,True,openstreetmap,11.0,3.0,0.0,287.83,8.0,292.14,11.0,2.0,193.95,3.0,184.01,1.0,181.03,50.93,2.85,8.3,7.5,High
osm_2543546393,भाउजूको भट्टी,27.6817082,85.3199675,cafe,,,,True,openstreetmap,,,,,,,,,,,,,,,,,,
osm_3072783382,CS sekuwa,27.7313219,85.3491615,cafe,,,,True,openstreetmap,,,,,,,,,,,,,,,,,,
osm_1349680730,Momo,27.7113583,85.3087489,cafe,,,,True,openstreetmap,80.0,8.0,0.0,343.89,7.0,409.26,35.0,7.0,113.33,2.0,104.01,1.0,371.63,105.68,1.1,10.0,10.0,High
osm_1787021172,Unknown Cafe,27.669445,85.3284707,cafe,,,,True,openstreetmap,,,,,,,,,,,,,,,,,,
osm_1945608815,Susmita Hotel,27.6875204,85.3264731,cafe,,,,True,openstreetmap,15.0,3.0,0.0,259.22,9.0,334.94,19.0,7.0,93.36,3.0,343.45,1.0,398.71,71.3,2.05,9.2,10.0,High
osm_2082988632,A to Z Bakery Cafe,27.7209147,85.331515,cafe,,,,True,openstreetmap,17.0,5.0,0.0,289.77,13.0,349.18,16.0,2.0,13.95,3.0,204.12,3.0,362.85,71.3,2.52,10.0,10.0,High
osm_2090735351,अनु बेकरी र कफी पसल,27.7169692,85.3333621,cafe,,,,True,openstreetmap,14.0,2.0,0.0,336.6,7.0,353.26,24.0,4.0,21.45,2.0,101.03,1.0,294.61,77.67,1.78,10.0,9.41,High
osm_3331617443,हिमालय जाभा २,27.7141537,85.3138962,cafe,,,,True,openstreetmap,97.0,18.0,0.0,307.5,18.0,346.71,10.0,0.0,235.22,5.0,358.73,2.0,351.92,64.94,2.27,5.6,10.0,High
osm_2684769795,Bijukchhe Khaja Ghar,27.673687,85.3119559,cafe,,,,True,openstreetmap,,,,,,,,,,,,,,,,,,
osm_1880051587,Cafe Hessed,27.6759765,85.3143833,cafe,,,,True,openstreetmap,,,,,,,,,,,,,,,,,,
osm_4916380621,Unknown Cafe,27.7171524,85.3254913,cafe,,,,True,openstreetmap,15.0,7.0,0.0,229.02,9.0,391.52,9.0,1.0,130.28,3.0,175.64,1.0,480.91,45.84,1.22,7.7,10.0,High
osm_5848260185,Unknown Cafe,27.7270979,85.3237688,cafe,,,,True,openstreetmap,16.0,9.0,0.0,196.25,1.0,206.43,10.0,2.0,109.19,2.0,101.97,1.0,206.43,42.02,1.14,7.6,10.0,High
osm_2684818087,Unknown Cafe,27.6665351,85.3142779,cafe,,,,True,openstreetmap,,,,,,,,,,,,,,,,,,
osm_6048834185,श्याम पान पसल,27.6967354,85.2931566,cafe,,,,True,openstreetmap,3.0,2.0,0.0,82.33,0.0,500.0,12.0,0.0,201.14,3.0,177.29,0.0,500.0,49.66,0.0,6.3,2.41,High
osm_1990673886,Chilly Cafe,27.6737341,85.3731909,cafe,,,,True,openstreetmap,,,,,,,,,,,,,,,,,,
osm_2047712323,City Food Cafe Restaurant,27.6813986,85.317548,cafe,,,,True,openstreetmap,,,,,,,,,,,,,,,,,,
osm_4329327889,Dani's Handmade Coffee,27.6728835,85.3245667,cafe,,,,True,openstreetmap,,,,,,,,,,,,,,,,,,
osm_4873577004,Citiy Tandoori Fast Food,27.666634,85.3138694,cafe,,,,True,openstreetmap,,,,,,,,,,,,,,,,,,
osm_6584505486,Unknown Cafe,27.7010153,85.3226018,cafe,,,,True,openstreetmap,5.0,4.0,0.0,160.54,21.0,218.54,22.0,9.0,59.18,6.0,215.88,2.0,77.54,101.86,5.57,10.0,3.68,High
osm_5675228621,Unknown Cafe,27.6718246,85.3878508,cafe,,,,True,openstreetmap,,,,,,,,,,,,,,,,,,
osm_2082921627,शिशा क्याफे र लाउन्ज,27.703437,85.3103733,cafe,,,,True,openstreetmap,27.0,4.0,0.0,281.94,10.0,387.7,14.0,1.0,145.64,6.0,255.45,1.0,349.11,77.67,1.75,10.0,10.0,High
osm_2520619641,Cafe Soma,27.6786722,85.3104479,cafe,,,,True,openstreetmap,,,,,,,,,,,,,,,,,,
osm_6022260588,Unknown Cafe,27.7234595,85.3631504,cafe,,,,True,openstreetmap,36.0,15.0,0.0,225.01,6.0,253.5,15.0,0.0,244.31,4.0,343.69,2.0,278.17,71.3,2.57,6.7,10.0,High
osm_2700730521,Yaktumba De-Cafe,27.6543036,85.3057008,cafe,,,,True,openstreetmap,,,,,,,,,,,,,,,,,,
osm_4822511321,Unknown Cafe,27.6696453,85.3279588,cafe,,,,True,openstreetmap,,,,,,,,,,,,,,,,,,
osm_3509030388,मामामिया,27.7088719,85.3150246,cafe,,,,True,openstreetmap,36.0,8.0,0.0,337.03,18.0,273.21,19.0,8.0,38.25,5.0,240.01,3.0,41.12,91.67,5.46,10.0,10.0,High
osm_1551745102,Cosmo De Cafe,27.704721,85.3061516,cafe,,,,True,openstreetmap,20.0,9.0,0.0,222.49,11.0,356.81,21.0,4.0,129.63,2.0,225.0,0.0,500.0,66.21,1.72,10.0,10.0,High
osm_5094291071,doban resturants,27.7279967,85.3149955,cafe,,,,True,openstreetmap,1.0,1.0,0.0,0.0,6.0,190.32,16.0,0.0,210.02,0.0,500.0,1.0,211.63,44.56,3.0,5.1,1.14,High
osm_4846949123,Unknown Cafe,27.7121939,85.3213096,cafe,,,,True,openstreetmap,21.0,1.0,0.0,385.14,24.0,360.46,3.0,0.0,433.55,0.0,500.0,1.0,285.61,11.46,2.25,1.2,10.0,Medium
osm_3512744074,Unknown Cafe,27.6716826,85.3644137,cafe,,,,True,openstreetmap,,,,,,,,,,,,,,,,,,
osm_4020227088,Unknown Cafe,27.6743874,85.3235756,cafe,,,,True,openstreetmap,,,,,,,,,,,,,,,,,,
osm_7097644685,Unknown Cafe,27.714099,85.3484505,cafe,,,,True,openstreetmap,10.0,3.0,0.0,303.67,107.0,275.04,21.0,5.0,108.85,6.0,155.61,3.0,422.33,103.13,3.23,10.0,6.87,High
osm_5911756386,Unknown Cafe,27.7453621,85.316962,cafe,,,,True,openstreetmap,,,,,,,,,,,,,,,,,,
osm_2111924049,Bajra Cafe,27.7089027,85.289138,cafe,,,,True,openstreetmap,6.0,1.0,0.0,335.58,1.0,455.27,7.0,0.0,202.3,3.0,313.97,1.0,455.27,40.74,0.17,3.6,4.32,High
osm_3325075145,हिमालय जाभा क्याफे,27.7099111,85.3170338,cafe,,,,True,openstreetmap,28.0,9.0,0.0,269.12,27.0,280.14,13.0,5.0,63.51,4.0,256.74,4.0,80.96,73.85,4.18,10.0,10.0,High
osm_4890884826,Coffee Pasal,27.7126275,85.3174486,cafe,,,,True,openstreetmap,30.0,6.0,0.0,316.88,24.0,206.68,9.0,0.0,348.28,1.0,320.94,2.0,154.2,36.92,4.76,3.7,10.0,High
osm_5516070827,Secret Garden Cafe,27.7137592,85.311701,cafe,,,,True,openstreetmap,106.0,56.0,0.0,227.39,7.0,357.56,16.0,0.0,231.1,5.0,254.58,0.0,500.0,72.57,1.2,8.3,10.0,High
osm_5281048221,Unknown Cafe,27.6895546,85.3988129,cafe,,,,True,openstreetmap,,,,,,,,,,,,,,,,,,
osm_5973756579,Down Town Cafe,27.7455935,85.3420463,cafe,,,,True,openstreetmap,3.0,1.0,0.0,222.0,2.0,171.91,11.0,4.0,99.56,1.0,186.43,0.0,500.0,34.38,0.79,7.2,2.41,High
osm_6385168419,The Bakery Cafe,27.7190451,85.3513103,cafe,,,,True,openstreetmap,13.0,3.0,0.0,330.11,44.0,393.07,23.0,4.0,81.96,4.0,140.24,5.0,100.89,103.13,2.37,10.0,8.78,High
osm_4697135290,Unknown Cafe,27.6902605,85.3641305,cafe,,,,True,openstreetmap,4.0,1.0,0.0,283.06,8.0,415.29,11.0,3.0,97.76,1.0,428.6,2.0,389.5,42.02,1.34,6.3,3.05,High
osm_5278771622,Unknown Cafe,27.6867309,85.3971358,cafe,,,,True,openstreetmap,,,,,,,,,,,,,,,,,,
osm_8695713370,रोयल क्याफे र फास्ट फूड,27.7161614,85.3131819,cafe,,,,True,openstreetmap,91.0,14.0,0.0,306.26,11.0,357.82,7.0,1.0,66.6,2.0,266.09,4.0,215.78,45.84,2.71,7.6,10.0,High
osm_4702950592,राजिव चिया पसल,27.6848467,85.3352833,cafe,,,,True,openstreetmap,9.0,4.0,0.0,258.35,27.0,415.36,20.0,5.0,46.97,4.0,170.09,1.0,389.71,80.21,1.31,10.0,6.23,High
osm_6992115285,Unknown Cafe,27.7240831,85.3642503,cafe,,,,True,openstreetmap,34.0,8.0,0.0,272.56,5.0,155.97,14.0,0.0,203.59,4.0,374.06,1.0,247.1,64.94,2.74,6.1,10.0,High
osm_6022300686,Unknown Cafe,27.7220987,85.3638741,cafe,,,,True,openstreetmap,36.0,11.0,0.0,243.54,6.0,363.98,13.0,0.0,255.6,4.0,177.24,2.0,384.1,66.21,1.45,7.6,10.0,High
osm_3506385601,क्याफेटेरिया,27.7089551,85.3166127,cafe,,,,True,openstreetmap,25.0,7.0,0.0,274.95,22.0,286.65,16.0,7.0,39.78,4.0,283.87,3.0,36.42,77.67,5.02,10.0,10.0,High
osm_5290826527,Unknown Cafe,27.7383815,85.3352595,cafe,,,,True,openstreetmap,12.0,7.0,0.0,214.56,10.0,278.82,9.0,2.0,177.68,7.0,186.14,2.0,262.22,75.12,3.29,9.6,8.14,High
osm_3074585435,Sagar Coke and Coffee Shop,27.7133195,85.344512,cafe,,,,True,openstreetmap,8.0,2.0,0.0,271.69,105.0,343.1,26.0,4.0,47.69,3.0,81.83,1.0,299.53,89.13,2.42,10.0,5.59,High
osm_5973756583,Fortune Food Cafe & Gazal,27.7425935,85.3394122,cafe,,,,True,openstreetmap,6.0,2.0,0.0,296.33,6.0,348.05,15.0,2.0,106.02,3.0,153.91,1.0,362.31,61.12,1.46,9.5,4.32,High
osm_1945637495,यौंग हार्ट बेकरी क्याफे,27.6922058,85.3297984,cafe,,,,True,openstreetmap,17.0,2.0,0.0,362.62,12.0,351.74,17.0,2.0,116.52,4.0,35.76,1.0,354.79,72.57,2.17,10.0,10.0,High
osm_4464318792,Unknown Cafe,27.6720257,85.3169819,cafe,,,,True,openstreetmap,,,,,,,,,,,,,,,,,,
osm_2001289200,Trendy Cafe,27.7257736,85.3309047,cafe,,,,True,openstreetmap,13.0,5.0,0.0,262.85,6.0,255.53,16.0,1.0,85.92,2.0,117.48,2.0,131.18,61.12,3.59,9.7,8.78,High
osm_4198642245,Swotha Tea and Coffee Shop,27.67488,85.3254496,cafe,,,,True,openstreetmap,,,,,,,,,,,,,,,,,,
osm_1989508623,Bharyang Cafe,27.6856732,85.3453507,cafe,,,,True,openstreetmap,22.0,9.0,0.0,252.07,33.0,265.91,20.0,6.0,84.06,3.0,26.24,0.0,500.0,70.03,2.81,10.0,10.0,High
osm_3146940897,स्टार बीन क्याफे,27.683142,85.3054544,cafe,,,,True,openstreetmap,,,,,,,,,,,,,,,,,,
osm_2521950150,Roadhouse Cafe,27.6761042,85.3130233,cafe,,,,True,openstreetmap,,,,,,,,,,,,,,,,,,
osm_5867915590,Unknown Cafe,27.7041109,85.3103306,cafe,,,,True,openstreetmap,26.0,3.0,0.0,274.64,13.0,380.36,15.0,2.0,159.96,5.0,209.84,2.0,363.11,77.67,1.83,10.0,10.0,High
osm_4853038422,Coffee Ghar,27.7156986,85.3082,cafe,,,,True,openstreetmap,88.0,9.0,0.0,339.84,12.0,347.85,17.0,2.0,103.73,5.0,310.11,7.0,279.27,101.86,2.99,10.0,10.0,High
osm_2684818420,Work N Roll,27.6715851,85.3159634,cafe,,,,True,openstreetmap,,,,,,,,,,,,,,,,,,
osm_4896329122,Unknown Cafe,27.7405106,85.3994209,cafe,,,,True,openstreetmap,,,,,,,,,,,,,,,,,,
osm_2166597514,Himalayan Java,27.703746,85.3076481,cafe,,,,True,openstreetmap,23.0,16.0,0.0,155.68,9.0,368.69,23.0,3.0,97.33,2.0,154.19,0.0,500.0,71.3,1.42,10.0,10.0,High
osm_2097704747,Coffee Express,27.710668,85.3177124,cafe,,,,True,openstreetmap,26.0,8.0,0.0,252.76,29.0,267.82,13.0,1.0,132.43,3.0,294.78,3.0,187.95,63.66,4.44,9.5,10.0,High
osm_4407301189,Unknown Cafe,27.6701675,85.3242253,cafe,,,,True,openstreetmap,,,,,,,,,,,,,,,,,,
osm_4170922389,कर्म कफी ,27.6774904,85.311412,cafe,,,,True,openstreetmap,,,,,,,,,,,,,,,,,,
osm_6959698848,Coffee Cloud Cafe,27.7061415,85.33371,cafe,,,,True,openstreetmap,6.0,2.0,0.0,317.95,6.0,314.16,23.0,4.0,69.9,2.0,250.49,3.0,261.5,82.76,2.94,10.0,4.32,High
osm_5265547821,Unknown Cafe,27.6984953,85.2992487,cafe,,,,True,openstreetmap,2.0,1.0,0.0,230.78,1.0,36.58,11.0,1.0,57.12,4.0,182.19,1.0,36.58,57.3,1.79,10.0,1.77,High
osm_4731862821,Unknown Cafe,27.6776598,85.3138856,cafe,,,,True,openstreetmap,,,,,,,,,,,,,,,,,,
osm_4706228913,Unknown Cafe,27.6648349,85.3190656,cafe,,,,True,openstreetmap,,,,,,,,,,,,,,,,,,
osm_5217809629,क्रसरोड कफी हाउस,27.6578097,85.3259508,cafe,,,,True,openstreetmap,,,,,,,,,,,,,,,,,,
osm_1990685701,Jiwan Dairy and Coffee Shop,27.6744984,85.3802486,cafe,,,,True,openstreetmap,,,,,,,,,,,,,,,,,,
osm_6041542086,Just Coffee Nepal,27.7128297,85.3088942,cafe,,,,True,openstreetmap,92.0,15.0,0.0,291.59,3.0,307.29,30.0,4.0,50.1,2.0,42.67,1.0,340.64,92.95,1.12,10.0,10.0,High
osm_5002503821,Unknown Cafe,27.6615087,85.2947464,cafe,,,,True,openstreetmap,,,,,,,,,,,,,,,,,,
osm_1937659964,Food Universe Cafe,27.6716109,85.3161255,cafe,,,,True,openstreetmap,,,,,,,,,,,,,,,,,,
osm_1990685704,Krishna Khaja Ghar,27.6741841,85.380032,cafe,,,,True,openstreetmap,,,,,,,,,,,,,,,,,,
osm_3491198839,उत्तरी क्याफे,27.7138493,85.3133153,cafe,,,,True,openstreetmap,105.0,26.0,0.0,289.61,15.0,360.5,14.0,0.0,240.86,5.0,345.01,1.0,404.99,71.3,1.93,6.5,10.0,High
osm_8371901618,Arabica Coffee,27.7209374,85.3621615,cafe,,,,True,openstreetmap,38.0,17.0,0.0,237.89,3.0,350.6,5.0,2.0,134.72,4.0,53.04,1.0,178.61,42.02,1.39,6.9,10.0,High
osm_4569964089,Unknown Cafe,27.6949284,85.3349583,cafe,,,,True,openstreetmap,10.0,2.0,0.0,320.0,15.0,323.51,24.0,5.0,70.05,5.0,217.17,1.0,317.31,96.77,2.61,10.0,6.87,High
osm_4754408623,Busy Bean,27.6772801,85.3091608,cafe,,,,True,openstreetmap,,,,,,,,,,,,,,,,,,
osm_1849461260,चिया पसल,27.6784874,85.3211957,cafe,,,,True,openstreetmap,,,,,,,,,,,,,,,,,,
osm_4772746625,Unknown Cafe,27.6935201,85.2823501,cafe,,,,True,openstreetmap,4.0,3.0,0.0,130.22,12.0,333.15,12.0,4.0,119.03,4.0,107.85,2.0,168.47,63.66,3.61,9.3,3.05,High
osm_4731474722,साजन फूड क्याफे र स्यान्डविच पसल,27.7134845,85.3120881,cafe,,,,True,openstreetmap,103.0,50.0,0.0,233.38,6.0,314.83,16.0,0.0,245.35,4.0,284.55,0.0,500.0,66.21,1.33,7.9,10.0,High
osm_3341061785,Nilkantha's tea shop,27.6747052,85.2792158,cafe,,,,True,openstreetmap,,,,,,,,,,,,,,,,,,
osm_2684812788,monu thapa khaja ghar,27.667657,85.3094719,cafe,,,,True,openstreetmap,,,,,,,,,,,,,,,,,,
osm_6290791786,Bake House(Hot Breads),27.7135298,85.3102239,cafe,,,,True,openstreetmap,105.0,47.0,0.0,239.5,4.0,385.8,22.0,2.0,127.12,3.0,110.08,1.0,475.41,78.94,0.61,10.0,10.0,High
osm_8696865571,Niranjana Tea Coffee And Handicrafts Pvt Ltd,27.7132048,85.3103112,cafe,,,,True,openstreetmap,105.0,41.0,0.0,245.76,5.0,415.5,22.0,2.0,95.82,3.0,106.92,1.0,480.56,78.94,0.56,10.0,10.0,High
osm_1942418343,Presca's Cafe,27.6989387,85.3384114,cafe,,,,True,openstreetmap,11.0,4.0,0.0,275.0,0.0,500.0,15.0,2.0,23.6,2.0,204.05,0.0,500.0,50.93,0.0,8.8,7.5,High
osm_2166592516,The Coffee Shop,27.7113258,85.3173738,cafe,,,,True,openstreetmap,31.0,11.0,0.0,293.9,28.0,246.66,11.0,0.0,203.77,1.0,261.18,3.0,239.05,45.84,4.64,6.1,10.0,High
osm_2415851429,Khaja Ghar,27.674407,85.39254,cafe,,,,True,openstreetmap,,,,,,,,,,,,,,,,,,
